{
  "id": "FragPipe (DIA-NN quant)_20251027_134526",
  "software_name": "FragPipe (DIA-NN quant)",
  "software_version": "23.1",
  "search_engine": "MSFragger",
  "search_engine_version": "4.3",
  "ident_fdr_psm": "0.01",
  "ident_fdr_peptide": null,
  "ident_fdr_protein": "0.01",
  "enable_match_between_runs": false,
  "precursor_mass_tolerance": "[-10 ppm, 10 ppm]",
  "fragment_mass_tolerance": "[-10 ppm, 10 ppm]",
  "enzyme": "Trypsin/P",
  "allowed_miscleavages": "1",
  "min_peptide_length": "7",
  "max_peptide_length": "50",
  "is_temporary": false,
  "intermediate_hash": "0b5a0c9b8387b98db6f1c287c516fa6ddf2a74ee",
  "results": {
    "6": {
      "median_abs_epsilon": 0.2988706242165756,
      "mean_abs_epsilon": 0.3733091188607793,
      "variance_epsilon": 0.2007010887610073,
      "nr_prec": 2521,
      "CV_median": 0.1242116104147592,
      "CV_q75": 0.20624349510387108,
      "CV_q90": 0.32343214187901725,
      "CV_q95": 0.40844678770021386
    },
    "5": {
      "median_abs_epsilon": 0.30497040313094226,
      "mean_abs_epsilon": 0.39113578506587293,
      "variance_epsilon": 0.23576555491295223,
      "nr_prec": 2698,
      "CV_median": 0.1277285269028075,
      "CV_q75": 0.21412536934901674,
      "CV_q90": 0.3368529412294917,
      "CV_q95": 0.43774885860248647
    },
    "4": {
      "median_abs_epsilon": 0.31150718582168613,
      "mean_abs_epsilon": 0.4092228978462314,
      "variance_epsilon": 0.2752505908457122,
      "nr_prec": 2780,
      "CV_median": 0.128905689889169,
      "CV_q75": 0.21784115469055068,
      "CV_q90": 0.3419235884079371,
      "CV_q95": 0.44839942392776344
    },
    "3": {
      "median_abs_epsilon": 0.31335100084014067,
      "mean_abs_epsilon": 0.4149560806981522,
      "variance_epsilon": 0.2883350542521043,
      "nr_prec": 2823,
      "CV_median": 0.1292350364219727,
      "CV_q75": 0.21880661937309254,
      "CV_q90": 0.3439821994245841,
      "CV_q95": 0.45121657197351084
    },
    "2": {
      "median_abs_epsilon": 0.31335100084014067,
      "mean_abs_epsilon": 0.4151824040034078,
      "variance_epsilon": 0.28862501952657954,
      "nr_prec": 2849,
      "CV_median": 0.1294519779895154,
      "CV_q75": 0.2190034963775501,
      "CV_q90": 0.34501647684994735,
      "CV_q95": 0.4520690126747381
    },
    "1": {
      "median_abs_epsilon": 0.31335100084014067,
      "mean_abs_epsilon": 0.4151824040034078,
      "variance_epsilon": 0.2886250195265796,
      "nr_prec": 2856,
      "CV_median": 0.1294519779895154,
      "CV_q75": 0.2190034963775501,
      "CV_q90": 0.34501647684994735,
      "CV_q95": 0.4520690126747381
    }
  },
  "median_abs_epsilon": 0.31335100084014067,
  "mean_abs_epsilon": 0.4149560806981522,
  "nr_prec": 2823,
  "comments": "",
  "proteobench_version": "0.10.3",
  "old_new": "new",
  "color": "#F89008",
  "hover_text": "ProteoBench ID: FragPipe (DIA-NN quant)_20251027_134526<br>Software tool: FragPipe (DIA-NN quant) <br>Comment (private submission): ...",
  "scatter_size": 20,
  "fixed_mods": "0.0,C-Term Peptide,true,-1; 0.0,N-Term Peptide,true,-1; 0.0,C-Term Protein,true,-1; 0.0,N-Term Protein,true,-1; 0.0,G (glycine),true,-1; 0.0,A (alanine),true,-1; 0.0,S (serine),true,-1; 0.0,P (proline),true,-1; 0.0,V (valine),true,-1; 0.0,T (threonine),true,-1; 57.02146,C (cysteine),true,-1; 0.0,L (leucine),true,-1; 0.0,I (isoleucine),true,-1; 0.0,N (asparagine),true,-1; 0.0,D (aspartic acid),true,-1; 0.0,Q (glutamine),true,-1; 0.0,K (lysine),true,-1; 0.0,E (glutamic acid),true,-1; 0.0,M (methionine),true,-1; 0.0,H (histidine),true,-1; 0.0,F (phenylalanine),true,-1; 0.0,R (arginine),true,-1; 0.0,Y (tyrosine),true,-1; 0.0,W (tryptophan),true,-1; 0.0,B ,true,-1; 0.0,J,true,-1; 0.0,O,true,-1; 0.0,U,true,-1; 0.0,X,true,-1; 0.0,Z,true,-1",
  "variable_mods": "15.9949,M,true,1; 42.0106,[^,true,1; 79.96633,STY,false,3; -17.0265,nQnC,false,1; -18.0106,nE,false,1; 0.0,site_06,false,1; 0.0,site_07,false,1; 0.0,site_08,false,1; 0.0,site_09,false,1; 0.0,site_10,false,1; 0.0,site_11,false,1; 0.0,site_12,false,1; 0.0,site_13,false,1; 0.0,site_14,false,1; 0.0,site_15,false,1; 0.0,site_16,false,1",
  "max_mods": "3",
  "min_precursor_charge": "1",
  "max_precursor_charge": null,
  "min_precursor_mz": null,
  "max_precursor_mz": "980.0",
  "min_fragment_mz": null,
  "max_fragment_mz": null,
  "quantification_method": "Robust LC (high accuracy)",
  "protein_inference": "ProteinProphet: --maxppmdiff 2000000 --minprob 0.5",
  "abundance_normalization_ions": null,
  "predictors_library": "nan",
  "scan_window": "nan",
  "submission_comments": "Resubmission of a17958830ab349bd307fe2b39451a0299dbffcb7 after changing quant column from Precursor.Quantity -> Precursor.Normalised\n\n ### Parameter changes detected:\n- **semi_enzymatic**: `False` \u2192 `[MISSING]`\n\nDataset URL: https://proteobench.cubimed.rub.de/datasets/0b5a0c9b8387b98db6f1c287c516fa6ddf2a74ee/"
}