{
    "id": "DIA-NN_20250331_115947",
    "software_name": "DIA-NN",
    "software_version": "1.9.2",
    "search_engine": "DIA-NN",
    "search_engine_version": "1.9.2",
    "ident_fdr_psm": "None",
    "ident_fdr_peptide": 0.01,
    "ident_fdr_protein": 0.01,
    "enable_match_between_runs": "False",
    "precursor_mass_tolerance": "[-7.89772 ppm, 7.89772 ppm]",
    "fragment_mass_tolerance": "[-7.89772 ppm, 7.89772 ppm]",
    "enzyme": "Trypsin/P",
    "allowed_miscleavages": 2,
    "min_peptide_length": "None",
    "max_peptide_length": "None",
    "is_temporary": false,
    "intermediate_hash": "10ee019c6dc3bd05b9f14ad54f7d932a503daff6",
    "results": {
        "6": {
            "median_abs_epsilon": 0.38026800102769565,
            "mean_abs_epsilon": 0.44296406542264816,
            "variance_epsilon": 0.18359482574019348,
            "nr_prec": 27874,
            "CV_median": 0.15911060639213198,
            "CV_q90": 0.3468514380709684,
            "CV_q75": 0.24521768455159032,
            "CV_q95": 0.42774873701680116
        },
        "5": {
            "median_abs_epsilon": 0.39283122944160664,
            "mean_abs_epsilon": 0.47708825494762924,
            "variance_epsilon": 0.26365072704603426,
            "nr_prec": 34392,
            "CV_median": 0.16856110376881925,
            "CV_q90": 0.38742132179330513,
            "CV_q75": 0.26497889248828954,
            "CV_q95": 0.49828062091340086
        },
        "4": {
            "median_abs_epsilon": 0.4085511499218798,
            "mean_abs_epsilon": 0.52377667380042,
            "variance_epsilon": 0.39452392195842945,
            "nr_prec": 39465,
            "CV_median": 0.17394073674889998,
            "CV_q90": 0.4173930452097366,
            "CV_q75": 0.27698435919505004,
            "CV_q95": 0.5522798193991703
        },
        "3": {
            "median_abs_epsilon": 0.42063225157782946,
            "mean_abs_epsilon": 0.5596008134884656,
            "variance_epsilon": 0.4967480907756804,
            "nr_prec": 43666,
            "CV_median": 0.17701946720985592,
            "CV_q90": 0.43655394575719764,
            "CV_q75": 0.2843731341222107,
            "CV_q95": 0.5828738844212584
        },
        "2": {
            "median_abs_epsilon": 0.4245153355883326,
            "mean_abs_epsilon": 0.5730970645276441,
            "variance_epsilon": 0.5437662437299946,
            "nr_prec": 46411,
            "CV_median": 0.1781821174976946,
            "CV_q90": 0.44493360584256414,
            "CV_q75": 0.2875224007981764,
            "CV_q95": 0.5988490755417095
        },
        "1": {
            "median_abs_epsilon": 0.4245153355883326,
            "mean_abs_epsilon": 0.573097064527644,
            "variance_epsilon": 0.5437662437299945,
            "nr_prec": 47490,
            "CV_median": 0.1781821174976946,
            "CV_q90": 0.44493360584256414,
            "CV_q75": 0.2875224007981764,
            "CV_q95": 0.5988490755417095
        }
    },
    "median_abs_epsilon": 0.38026800102769565,
    "mean_abs_epsilon": 0.44296406542264816,
    "nr_prec": 27874,
    "comments": {
        "quantification_method": "QuantUMS high-precision",
        "protein_inference": "Genes",
        "Machine learning": "Double-pass NNs",
        "Cross-run normalisation": "RT-dependent",
        "MBR-comment": "speclib"
    },
    "proteobench_version": "0.1.dev1913+gfa1be73",
    "old_new": "old",
    "color": "#8c564b",
    "hover_text": "ProteoBench ID: DIA-NN_20250331_115947<br>Software tool: DIA-NN 1.9.2<br>Comment (private submission): {'quantification_method': 'QuantUMS high-precision', 'protein_inference': 'Genes', 'Machine learning': 'Double-pass NNs', 'Cross-run normalisation': 'RT-dependent', 'MBR-comment': 'speclib'}",
    "scatter_size": 10
}