{
  "id": "DIA-NN_20251027_134650",
  "software_name": "DIA-NN",
  "software_version": "2.2.0 Academia ",
  "search_engine": "DIA-NN",
  "search_engine_version": "2.2.0 Academia ",
  "ident_fdr_psm": "0.01",
  "ident_fdr_peptide": NaN,
  "ident_fdr_protein": NaN,
  "enable_match_between_runs": true,
  "precursor_mass_tolerance": "[-1.9 ppm, 1.9 ppm]",
  "fragment_mass_tolerance": "[-6 ppm, 6 ppm]",
  "enzyme": "Trypsin/P",
  "allowed_miscleavages": "1",
  "min_peptide_length": "7",
  "max_peptide_length": "30",
  "is_temporary": false,
  "intermediate_hash": "1707b99528499252cfe1258dccbf3ab3253591e0",
  "results": {
    "6": {
      "median_abs_epsilon": 0.28342777741582503,
      "mean_abs_epsilon": 0.3280107819584847,
      "variance_epsilon": 0.1336055038889144,
      "nr_prec": 28744,
      "CV_median": 0.11793535328979925,
      "CV_q75": 0.197848683120863,
      "CV_q90": 0.3019844897413583,
      "CV_q95": 0.3808679927075209
    },
    "5": {
      "median_abs_epsilon": 0.29258877289922347,
      "mean_abs_epsilon": 0.3532656493422894,
      "variance_epsilon": 0.17626981943140052,
      "nr_prec": 34821,
      "CV_median": 0.12788481450325886,
      "CV_q75": 0.2198803033894676,
      "CV_q90": 0.3390414817629723,
      "CV_q95": 0.43281575739263456
    },
    "4": {
      "median_abs_epsilon": 0.30411869538457503,
      "mean_abs_epsilon": 0.38962059276808975,
      "variance_epsilon": 0.2513205368887528,
      "nr_prec": 39701,
      "CV_median": 0.13309764756164716,
      "CV_q75": 0.2316879732183657,
      "CV_q90": 0.3600568332670593,
      "CV_q95": 0.45997284403008754
    },
    "3": {
      "median_abs_epsilon": 0.31196171296270003,
      "mean_abs_epsilon": 0.4154989345286125,
      "variance_epsilon": 0.30881093964434964,
      "nr_prec": 44052,
      "CV_median": 0.1366727590944323,
      "CV_q75": 0.23886622275039296,
      "CV_q90": 0.37384680744593457,
      "CV_q95": 0.47929144844435867
    },
    "2": {
      "median_abs_epsilon": 0.3148374557495117,
      "mean_abs_epsilon": 0.42583799458071875,
      "variance_epsilon": 0.33498797835107125,
      "nr_prec": 47235,
      "CV_median": 0.13790453253928991,
      "CV_q75": 0.24201874037645646,
      "CV_q90": 0.37926677340773485,
      "CV_q95": 0.4881411369387536
    },
    "1": {
      "median_abs_epsilon": 0.3148374557495117,
      "mean_abs_epsilon": 0.42583799458071875,
      "variance_epsilon": 0.3349879783510712,
      "nr_prec": 48893,
      "CV_median": 0.13790453253928991,
      "CV_q75": 0.24201874037645646,
      "CV_q90": 0.37926677340773485,
      "CV_q95": 0.4881411369387536
    }
  },
  "median_abs_epsilon": 0.31196171296270003,
  "mean_abs_epsilon": 0.4154989345286125,
  "nr_prec": 44052,
  "comments": "",
  "proteobench_version": "0.10.3",
  "old_new": "new",
  "color": "#d42f2f",
  "hover_text": "ProteoBench ID: DIA-NN_20251027_134650<br>Software tool: DIA-NN <br>Comment (private submission): ...",
  "scatter_size": 20,
  "fixed_mods": "unimod4",
  "variable_mods": "UniMod:35/15.994915/M,UniMod:1/42.010565/*n",
  "max_mods": "1",
  "min_precursor_charge": "1",
  "max_precursor_charge": "4",
  "min_precursor_mz": "300",
  "max_precursor_mz": "1800",
  "min_fragment_mz": "200",
  "max_fragment_mz": "1800",
  "quantification_method": "QuantUMS high-precision",
  "protein_inference": "Genes",
  "abundance_normalization_ions": null,
  "predictors_library": "{'RT': 'User defined speclib', 'IM': 'User defined speclib', 'MS2_int': 'User defined speclib'}",
  "scan_window": "6",
  "submission_comments": "Resubmission of cdf9c7fd6835e954c10103fa797cd99dbe452879 after changing quant column from Precursor.Quantity -> Precursor.Normalised\n\n ### Parameter changes detected:\n- **ident_fdr_protein**: `None` \u2192 `nan`\n- **ident_fdr_peptide**: `None` \u2192 `nan`\n\nDataset URL: https://proteobench.cubimed.rub.de/datasets/1707b99528499252cfe1258dccbf3ab3253591e0/"
}