{
  "id": "Spectronaut_20251009_112755",
  "software_name": "Spectronaut",
  "software_version": "20.1.250624.92449",
  "search_engine": "Spectronaut",
  "search_engine_version": "20.1.250624.92449",
  "ident_fdr_psm": "0.01",
  "ident_fdr_peptide": null,
  "ident_fdr_protein": "0.01",
  "enable_match_between_runs": false,
  "precursor_mass_tolerance": "Dynamic",
  "fragment_mass_tolerance": "Dynamic",
  "enzyme": "Trypsin",
  "allowed_miscleavages": "2",
  "min_peptide_length": "7",
  "max_peptide_length": "52",
  "is_temporary": false,
  "intermediate_hash": "19525e795d412acde41fc81b345488e5b6e39e94",
  "results": {
    "6": {
      "median_abs_epsilon": 0.30243079808321427,
      "mean_abs_epsilon": 0.41717205428864057,
      "variance_epsilon": 0.30781882272917577,
      "nr_prec": 37242,
      "CV_median": 0.1822606963573323,
      "CV_q75": 0.32427916141824,
      "CV_q90": 0.4979549763318699,
      "CV_q95": 0.6112001704355312
    },
    "5": {
      "median_abs_epsilon": 0.3219448754163845,
      "mean_abs_epsilon": 0.46340124671986876,
      "variance_epsilon": 0.40854224647791626,
      "nr_prec": 41983,
      "CV_median": 0.1954667806449925,
      "CV_q75": 0.3506525640516702,
      "CV_q90": 0.5367174889837008,
      "CV_q95": 0.6538464476077408
    },
    "4": {
      "median_abs_epsilon": 0.3369319030741553,
      "mean_abs_epsilon": 0.500603135802077,
      "variance_epsilon": 0.5008801650095802,
      "nr_prec": 44765,
      "CV_median": 0.20005327660281647,
      "CV_q75": 0.3594975866550231,
      "CV_q90": 0.5498216975862931,
      "CV_q95": 0.6685363093553873
    },
    "3": {
      "median_abs_epsilon": 0.3425774421506623,
      "mean_abs_epsilon": 0.5140938534735474,
      "variance_epsilon": 0.5331892839539711,
      "nr_prec": 46612,
      "CV_median": 0.2026137462167053,
      "CV_q75": 0.3642758954462802,
      "CV_q90": 0.5561453344953988,
      "CV_q95": 0.6752221505589993
    },
    "2": {
      "median_abs_epsilon": 0.3434019871658286,
      "mean_abs_epsilon": 0.5163757067387089,
      "variance_epsilon": 0.538837520609638,
      "nr_prec": 47454,
      "CV_median": 0.20316964614745947,
      "CV_q75": 0.3656103711878286,
      "CV_q90": 0.5583134001720716,
      "CV_q95": 0.6769279146008845
    },
    "1": {
      "median_abs_epsilon": 0.3434019871658286,
      "mean_abs_epsilon": 0.5163757067387089,
      "variance_epsilon": 0.5388375206096381,
      "nr_prec": 47678,
      "CV_median": 0.20316964614745947,
      "CV_q75": 0.3656103711878286,
      "CV_q90": 0.5583134001720716,
      "CV_q95": 0.6769279146008845
    }
  },
  "median_abs_epsilon": 0.3425774421506623,
  "mean_abs_epsilon": 0.5140938534735474,
  "nr_prec": 46612,
  "comments": "",
  "proteobench_version": "0.10.0",
  "old_new": "new",
  "color": "#007548",
  "hover_text": "ProteoBench ID: Spectronaut_20251009_112755<br>Software tool: Spectronaut <br>Comment (private submission): ...",
  "scatter_size": 20,
  "fixed_mods": "Carbamidomethyl (C)",
  "variable_mods": "Acetyl (Protein N-term), Oxidation (M)",
  "max_mods": "5",
  "min_precursor_charge": null,
  "max_precursor_charge": null,
  "min_precursor_mz": null,
  "max_precursor_mz": null,
  "min_fragment_mz": null,
  "max_fragment_mz": null,
  "quantification_method": "MS2",
  "protein_inference": "IDPicker",
  "abundance_normalization_ions": "True",
  "predictors_library": null,
  "scan_window": "Dynamic",
  "submission_comments": "Specnaut 20 FGCZ\n\n ### Parameter changes detected:\n- **semi_specific**: `False` \u2192 `[MISSING]`\n\nDataset URL: https://proteobench.cubimed.rub.de/datasets/19525e795d412acde41fc81b345488e5b6e39e94/"
}