{
  "id": "FragPipe (DIA-NN quant)_20251027_134024",
  "software_name": "FragPipe (DIA-NN quant)",
  "software_version": "23.1",
  "search_engine": "MSFragger",
  "search_engine_version": "4.3",
  "ident_fdr_psm": "0.01",
  "ident_fdr_peptide": null,
  "ident_fdr_protein": "0.01",
  "enable_match_between_runs": false,
  "precursor_mass_tolerance": "[-20 ppm, 20 ppm]",
  "fragment_mass_tolerance": "[-20 ppm, 20 ppm]",
  "enzyme": "Trypsin/P",
  "allowed_miscleavages": "1",
  "min_peptide_length": "7",
  "max_peptide_length": "50",
  "is_temporary": false,
  "intermediate_hash": "47b6a176bde27925e227ab037951e6c675445863",
  "results": {
    "6": {
      "median_abs_epsilon": 0.2981366956585244,
      "mean_abs_epsilon": 0.37836145609352845,
      "variance_epsilon": 0.21841314918561158,
      "nr_prec": 24024,
      "CV_median": 0.11607814567269864,
      "CV_q75": 0.19385819725600678,
      "CV_q90": 0.29853787453223807,
      "CV_q95": 0.3806854456377491
    },
    "5": {
      "median_abs_epsilon": 0.31116783059131004,
      "mean_abs_epsilon": 0.41164106583651094,
      "variance_epsilon": 0.28015491858661795,
      "nr_prec": 27607,
      "CV_median": 0.12206036040571785,
      "CV_q75": 0.20728268787232418,
      "CV_q90": 0.3242878998738486,
      "CV_q95": 0.41538164890444895
    },
    "4": {
      "median_abs_epsilon": 0.32276193510886303,
      "mean_abs_epsilon": 0.44168712942948224,
      "variance_epsilon": 0.3430525657349968,
      "nr_prec": 29924,
      "CV_median": 0.12443927169493216,
      "CV_q75": 0.2135464899485017,
      "CV_q90": 0.3361359812412553,
      "CV_q95": 0.4312067586569815
    },
    "3": {
      "median_abs_epsilon": 0.32726228473751584,
      "mean_abs_epsilon": 0.4570766610061515,
      "variance_epsilon": 0.37704522647203204,
      "nr_prec": 31583,
      "CV_median": 0.12581781661837427,
      "CV_q75": 0.2166682922272972,
      "CV_q90": 0.3428794383152197,
      "CV_q95": 0.44059754513430394
    },
    "2": {
      "median_abs_epsilon": 0.32898147974257375,
      "mean_abs_epsilon": 0.46114460205667723,
      "variance_epsilon": 0.38460806817137594,
      "nr_prec": 32612,
      "CV_median": 0.12624857101463027,
      "CV_q75": 0.2180177121176222,
      "CV_q90": 0.3458979626519594,
      "CV_q95": 0.444272993367599
    },
    "1": {
      "median_abs_epsilon": 0.32898147974257375,
      "mean_abs_epsilon": 0.4611446020566773,
      "variance_epsilon": 0.38460806817137594,
      "nr_prec": 33131,
      "CV_median": 0.12624857101463027,
      "CV_q75": 0.2180177121176222,
      "CV_q90": 0.3458979626519594,
      "CV_q95": 0.444272993367599
    }
  },
  "median_abs_epsilon": 0.32726228473751584,
  "mean_abs_epsilon": 0.4570766610061515,
  "nr_prec": 31583,
  "comments": "",
  "proteobench_version": "0.10.3",
  "old_new": "new",
  "color": "#F89008",
  "hover_text": "ProteoBench ID: FragPipe (DIA-NN quant)_20251027_134024<br>Software tool: FragPipe (DIA-NN quant) <br>Comment (private submission): ...",
  "scatter_size": 20,
  "fixed_mods": "0.0,C-Term Peptide,true,-1; 0.0,N-Term Peptide,true,-1; 0.0,C-Term Protein,true,-1; 0.0,N-Term Protein,true,-1; 0.0,G (glycine),true,-1; 0.0,A (alanine),true,-1; 0.0,S (serine),true,-1; 0.0,P (proline),true,-1; 0.0,V (valine),true,-1; 0.0,T (threonine),true,-1; 57.02146,C (cysteine),true,-1; 0.0,L (leucine),true,-1; 0.0,I (isoleucine),true,-1; 0.0,N (asparagine),true,-1; 0.0,D (aspartic acid),true,-1; 0.0,Q (glutamine),true,-1; 0.0,K (lysine),true,-1; 0.0,E (glutamic acid),true,-1; 0.0,M (methionine),true,-1; 0.0,H (histidine),true,-1; 0.0,F (phenylalanine),true,-1; 0.0,R (arginine),true,-1; 0.0,Y (tyrosine),true,-1; 0.0,W (tryptophan),true,-1; 0.0,B ,true,-1; 0.0,J,true,-1; 0.0,O,true,-1; 0.0,U,true,-1; 0.0,X,true,-1; 0.0,Z,true,-1",
  "variable_mods": "15.9949,M,true,1; 42.0106,[^,true,1; 79.96633,STY,false,3; -17.0265,nQnC,false,1; -18.0106,nE,false,1; 0.0,site_06,false,1; 0.0,site_07,false,1; 0.0,site_08,false,1; 0.0,site_09,false,1; 0.0,site_10,false,1; 0.0,site_11,false,1; 0.0,site_12,false,1; 0.0,site_13,false,1; 0.0,site_14,false,1; 0.0,site_15,false,1; 0.0,site_16,false,1",
  "max_mods": "3",
  "min_precursor_charge": "1",
  "max_precursor_charge": null,
  "min_precursor_mz": null,
  "max_precursor_mz": "5000.0",
  "min_fragment_mz": null,
  "max_fragment_mz": null,
  "quantification_method": "Robust LC (high accuracy)",
  "protein_inference": "ProteinProphet: --maxppmdiff 2000000 --minprob 0.5",
  "abundance_normalization_ions": null,
  "predictors_library": "nan",
  "scan_window": "nan",
  "submission_comments": "Resubmission of 52e23a3d125d9b7910930b499107bbe19473df61 after changing quant column from Precursor.Quantity -> Precursor.Normalised\n\n ### Parameter changes detected:\n- **semi_enzymatic**: `False` \u2192 `[MISSING]`\n\nDataset URL: https://proteobench.cubimed.rub.de/datasets/47b6a176bde27925e227ab037951e6c675445863/"
}