{
  "id": "DIA-NN_20251027_134317",
  "software_name": "DIA-NN",
  "software_version": "1.9.2",
  "search_engine": "DIA-NN",
  "search_engine_version": "1.9.2",
  "ident_fdr_psm": "0.01",
  "ident_fdr_peptide": NaN,
  "ident_fdr_protein": NaN,
  "enable_match_between_runs": true,
  "precursor_mass_tolerance": "[-15.0 ppm, 15.0 ppm]",
  "fragment_mass_tolerance": "[-20.0 ppm, 20.0 ppm]",
  "enzyme": "Trypsin/P",
  "allowed_miscleavages": "1",
  "min_peptide_length": "6",
  "max_peptide_length": "30",
  "is_temporary": false,
  "intermediate_hash": "484fc882d8b74eef29787e1db400d6d0af307d4d",
  "results": {
    "6": {
      "median_abs_epsilon": 0.24517527564588926,
      "mean_abs_epsilon": 0.29906519610271054,
      "variance_epsilon": 0.13490708815836064,
      "nr_prec": 25333,
      "CV_median": 0.09942548677760511,
      "CV_q75": 0.1656529071647988,
      "CV_q90": 0.2542882866045626,
      "CV_q95": 0.33103929200668314
    },
    "5": {
      "median_abs_epsilon": 0.25850758384361094,
      "mean_abs_epsilon": 0.3335491919027229,
      "variance_epsilon": 0.19094671733930568,
      "nr_prec": 30793,
      "CV_median": 0.10790057630354377,
      "CV_q75": 0.185141178858382,
      "CV_q90": 0.2971732922545722,
      "CV_q95": 0.39383975527698833
    },
    "4": {
      "median_abs_epsilon": 0.272293548076456,
      "mean_abs_epsilon": 0.37799474016548473,
      "variance_epsilon": 0.282579514232252,
      "nr_prec": 35114,
      "CV_median": 0.11261793387540128,
      "CV_q75": 0.1968456989433427,
      "CV_q90": 0.3221723912807871,
      "CV_q95": 0.4346223028936309
    },
    "3": {
      "median_abs_epsilon": 0.27888677646156645,
      "mean_abs_epsilon": 0.4020788870388122,
      "variance_epsilon": 0.3387335837796484,
      "nr_prec": 38709,
      "CV_median": 0.11536496544393923,
      "CV_q75": 0.2039910280943089,
      "CV_q90": 0.337694539445071,
      "CV_q95": 0.4592969210043915
    },
    "2": {
      "median_abs_epsilon": 0.28199370028689097,
      "mean_abs_epsilon": 0.4129525256010699,
      "variance_epsilon": 0.3678739508165695,
      "nr_prec": 40968,
      "CV_median": 0.11629212345782212,
      "CV_q75": 0.20679377706394178,
      "CV_q90": 0.34367334710068925,
      "CV_q95": 0.4720031789717435
    },
    "1": {
      "median_abs_epsilon": 0.28199370028689097,
      "mean_abs_epsilon": 0.4129525256010699,
      "variance_epsilon": 0.36787395081656954,
      "nr_prec": 42029,
      "CV_median": 0.11629212345782212,
      "CV_q75": 0.20679377706394178,
      "CV_q90": 0.34367334710068925,
      "CV_q95": 0.4720031789717435
    }
  },
  "median_abs_epsilon": 0.27888677646156645,
  "mean_abs_epsilon": 0.4020788870388122,
  "nr_prec": 38709,
  "comments": "",
  "proteobench_version": "0.10.3",
  "old_new": "new",
  "color": "#d42f2f",
  "hover_text": "ProteoBench ID: DIA-NN_20251027_134317<br>Software tool: DIA-NN <br>Comment (private submission): ...",
  "scatter_size": 20,
  "fixed_mods": "unimod4",
  "variable_mods": "UniMod:35/15.994915/M",
  "max_mods": "1",
  "min_precursor_charge": "2",
  "max_precursor_charge": "3",
  "min_precursor_mz": "400",
  "max_precursor_mz": "1500",
  "min_fragment_mz": "200",
  "max_fragment_mz": "1800",
  "quantification_method": "QuantUMS high-precision",
  "protein_inference": "0",
  "abundance_normalization_ions": null,
  "predictors_library": "{'RT': 'DIANN', 'IM': 'DIANN', 'MS2_int': 'DIANN'}",
  "scan_window": "6",
  "submission_comments": "Resubmission of 64902c87c73842da226cd2d77fe0f162a34b0aa2 after changing quant column from Precursor.Quantity -> Precursor.Normalised\n\n ### Parameter changes detected:\n- **ident_fdr_protein**: `None` \u2192 `nan`\n- **ident_fdr_peptide**: `None` \u2192 `nan`\n\nDataset URL: https://proteobench.cubimed.rub.de/datasets/484fc882d8b74eef29787e1db400d6d0af307d4d/"
}