{
  "id": "FragPipe (DIA-NN quant)_20251002_121842",
  "software_name": "FragPipe (DIA-NN quant)",
  "software_version": "23.1",
  "search_engine": "MSFragger",
  "search_engine_version": "4.3",
  "ident_fdr_psm": "0.01",
  "ident_fdr_peptide": null,
  "ident_fdr_protein": "0.01",
  "enable_match_between_runs": false,
  "precursor_mass_tolerance": "[-20 ppm, 20 ppm]",
  "fragment_mass_tolerance": "[-20 ppm, 20 ppm]",
  "enzyme": "Trypsin/P",
  "allowed_miscleavages": "1",
  "min_peptide_length": "7",
  "max_peptide_length": "50",
  "is_temporary": false,
  "intermediate_hash": "52e23a3d125d9b7910930b499107bbe19473df61",
  "results": {
    "6": {
      "median_abs_epsilon": 0.4208676261202585,
      "mean_abs_epsilon": 0.4959539942154314,
      "variance_epsilon": 0.25297467599950346,
      "nr_prec": 24024,
      "CV_median": 0.16301253798675866,
      "CV_q75": 0.24850035264484754,
      "CV_q90": 0.35172729772888656,
      "CV_q95": 0.4301598366188561
    },
    "5": {
      "median_abs_epsilon": 0.434021212181697,
      "mean_abs_epsilon": 0.522436358948309,
      "variance_epsilon": 0.3156492504335339,
      "nr_prec": 27607,
      "CV_median": 0.16804052097146716,
      "CV_q75": 0.2595642255956092,
      "CV_q90": 0.3727590512680614,
      "CV_q95": 0.4616105750346342
    },
    "4": {
      "median_abs_epsilon": 0.44719791587648705,
      "mean_abs_epsilon": 0.5480457704203641,
      "variance_epsilon": 0.38109081427802827,
      "nr_prec": 29924,
      "CV_median": 0.1699390261278292,
      "CV_q75": 0.26455988788968016,
      "CV_q90": 0.38281295852288366,
      "CV_q95": 0.4757982598546776
    },
    "3": {
      "median_abs_epsilon": 0.4526418734087002,
      "mean_abs_epsilon": 0.5631135501069245,
      "variance_epsilon": 0.41659838913405506,
      "nr_prec": 31583,
      "CV_median": 0.17087688680965218,
      "CV_q75": 0.2670004077475096,
      "CV_q90": 0.3890353293322489,
      "CV_q95": 0.4845391039741093
    },
    "2": {
      "median_abs_epsilon": 0.454414903676183,
      "mean_abs_epsilon": 0.5671706365185806,
      "variance_epsilon": 0.4249902959287992,
      "nr_prec": 32612,
      "CV_median": 0.17109341530569205,
      "CV_q75": 0.2676650169216973,
      "CV_q90": 0.39107043230561067,
      "CV_q95": 0.48739864051998544
    },
    "1": {
      "median_abs_epsilon": 0.454414903676183,
      "mean_abs_epsilon": 0.5671706365185806,
      "variance_epsilon": 0.4249902959287992,
      "nr_prec": 33131,
      "CV_median": 0.17109341530569205,
      "CV_q75": 0.2676650169216973,
      "CV_q90": 0.39107043230561067,
      "CV_q95": 0.48739864051998544
    }
  },
  "median_abs_epsilon": 0.4526418734087002,
  "mean_abs_epsilon": 0.5631135501069245,
  "nr_prec": 31583,
  "comments": "",
  "proteobench_version": "0.10.0",
  "old_new": "new",
  "color": "#F89008",
  "hover_text": "ProteoBench ID: FragPipe (DIA-NN quant)_20251002_121842<br>Software tool: FragPipe (DIA-NN quant) <br>Comment (private submission): ...",
  "scatter_size": 20,
  "fixed_mods": "0.0,C-Term Peptide,true,-1; 0.0,N-Term Peptide,true,-1; 0.0,C-Term Protein,true,-1; 0.0,N-Term Protein,true,-1; 0.0,G (glycine),true,-1; 0.0,A (alanine),true,-1; 0.0,S (serine),true,-1; 0.0,P (proline),true,-1; 0.0,V (valine),true,-1; 0.0,T (threonine),true,-1; 57.02146,C (cysteine),true,-1; 0.0,L (leucine),true,-1; 0.0,I (isoleucine),true,-1; 0.0,N (asparagine),true,-1; 0.0,D (aspartic acid),true,-1; 0.0,Q (glutamine),true,-1; 0.0,K (lysine),true,-1; 0.0,E (glutamic acid),true,-1; 0.0,M (methionine),true,-1; 0.0,H (histidine),true,-1; 0.0,F (phenylalanine),true,-1; 0.0,R (arginine),true,-1; 0.0,Y (tyrosine),true,-1; 0.0,W (tryptophan),true,-1; 0.0,B ,true,-1; 0.0,J,true,-1; 0.0,O,true,-1; 0.0,U,true,-1; 0.0,X,true,-1; 0.0,Z,true,-1",
  "variable_mods": "15.9949,M,true,1; 42.0106,[^,true,1; 79.96633,STY,false,3; -17.0265,nQnC,false,1; -18.0106,nE,false,1; 0.0,site_06,false,1; 0.0,site_07,false,1; 0.0,site_08,false,1; 0.0,site_09,false,1; 0.0,site_10,false,1; 0.0,site_11,false,1; 0.0,site_12,false,1; 0.0,site_13,false,1; 0.0,site_14,false,1; 0.0,site_15,false,1; 0.0,site_16,false,1",
  "max_mods": "3",
  "min_precursor_charge": "1",
  "max_precursor_charge": null,
  "min_precursor_mz": null,
  "max_precursor_mz": "5000.0",
  "min_fragment_mz": null,
  "max_fragment_mz": null,
  "quantification_method": "Robust LC (high accuracy)",
  "protein_inference": "ProteinProphet: --maxppmdiff 2000000 --minprob 0.5",
  "abundance_normalization_ions": null,
  "predictors_library": "nan",
  "scan_window": "nan",
  "submission_comments": "All default parameters\n\n ### Parameter changes detected:\n- **semi_enzymatic**: `False` \u2192 `[MISSING]`\n\nDataset URL: https://proteobench.cubimed.rub.de/datasets/52e23a3d125d9b7910930b499107bbe19473df61/"
}