{
  "id": "DIA-NN_20251027_134832",
  "software_name": "DIA-NN",
  "software_version": "1.8.2 beta 8",
  "search_engine": "DIA-NN",
  "search_engine_version": "1.8.2 beta 8",
  "ident_fdr_psm": "0.01",
  "ident_fdr_peptide": NaN,
  "ident_fdr_protein": NaN,
  "enable_match_between_runs": true,
  "precursor_mass_tolerance": "[-15.0 ppm, 15.0 ppm]",
  "fragment_mass_tolerance": "[-20.0 ppm, 20.0 ppm]",
  "enzyme": "Trypsin/P",
  "allowed_miscleavages": "1",
  "min_peptide_length": "6",
  "max_peptide_length": "30",
  "is_temporary": false,
  "intermediate_hash": "59abded256fdd37389d6f2a42adf69aeb1702f1a",
  "results": {
    "6": {
      "median_abs_epsilon": 0.29642086924027866,
      "mean_abs_epsilon": 0.37753879275837127,
      "variance_epsilon": 0.20885118845267647,
      "nr_prec": 26765,
      "CV_median": 0.13648869027487842,
      "CV_q75": 0.2383633333615256,
      "CV_q90": 0.3713341498928257,
      "CV_q95": 0.47024757802374917
    },
    "5": {
      "median_abs_epsilon": 0.3145009817913861,
      "mean_abs_epsilon": 0.4161440672798379,
      "variance_epsilon": 0.27436485570381786,
      "nr_prec": 32679,
      "CV_median": 0.14877515700201221,
      "CV_q75": 0.2655056199385997,
      "CV_q90": 0.41433646129901325,
      "CV_q95": 0.5250326409219679
    },
    "4": {
      "median_abs_epsilon": 0.33150266277177864,
      "mean_abs_epsilon": 0.4573444556140655,
      "variance_epsilon": 0.36250560787117597,
      "nr_prec": 36587,
      "CV_median": 0.15428982991273668,
      "CV_q75": 0.277474480563517,
      "CV_q90": 0.4342227266544566,
      "CV_q95": 0.5465041566307653
    },
    "3": {
      "median_abs_epsilon": 0.3391876841280096,
      "mean_abs_epsilon": 0.4775846019003646,
      "variance_epsilon": 0.4064090044738623,
      "nr_prec": 39694,
      "CV_median": 0.15747563041427198,
      "CV_q75": 0.28334480796061257,
      "CV_q90": 0.4434542014751041,
      "CV_q95": 0.5572029960717207
    },
    "2": {
      "median_abs_epsilon": 0.34180567781563903,
      "mean_abs_epsilon": 0.4836248179396872,
      "variance_epsilon": 0.4196740855095161,
      "nr_prec": 41514,
      "CV_median": 0.15831781931171832,
      "CV_q75": 0.2853310130667319,
      "CV_q90": 0.4469950044495603,
      "CV_q95": 0.5607351811894945
    },
    "1": {
      "median_abs_epsilon": 0.34180567781563903,
      "mean_abs_epsilon": 0.4836248179396873,
      "variance_epsilon": 0.4196740855095162,
      "nr_prec": 42317,
      "CV_median": 0.15831781931171832,
      "CV_q75": 0.2853310130667319,
      "CV_q90": 0.4469950044495603,
      "CV_q95": 0.5607351811894945
    }
  },
  "median_abs_epsilon": 0.3391876841280096,
  "mean_abs_epsilon": 0.4775846019003646,
  "nr_prec": 39694,
  "comments": "",
  "proteobench_version": "0.10.3",
  "old_new": "new",
  "color": "#d42f2f",
  "hover_text": "ProteoBench ID: DIA-NN_20251027_134832<br>Software tool: DIA-NN <br>Comment (private submission): ...",
  "scatter_size": 20,
  "fixed_mods": "unimod4",
  "variable_mods": "UniMod:35/15.994915/M",
  "max_mods": "1",
  "min_precursor_charge": "2",
  "max_precursor_charge": "3",
  "min_precursor_mz": "400",
  "max_precursor_mz": "1500",
  "min_fragment_mz": "200",
  "max_fragment_mz": "1800",
  "quantification_method": "QuantUMS high-precision",
  "protein_inference": "0",
  "abundance_normalization_ions": null,
  "predictors_library": "{'RT': 'DIANN', 'IM': 'DIANN', 'MS2_int': 'DIANN'}",
  "scan_window": "6",
  "submission_comments": "Resubmission of f364c26c5bb3ab81e3f08cca99ea47e2c5f2efd6 after changing quant column from Precursor.Quantity -> Precursor.Normalised\n\n ### Parameter changes detected:\n- **ident_fdr_protein**: `None` \u2192 `nan`\n- **ident_fdr_peptide**: `None` \u2192 `nan`\n\nDataset URL: https://proteobench.cubimed.rub.de/datasets/59abded256fdd37389d6f2a42adf69aeb1702f1a/"
}