{
    "id": "DIA-NN_20250331_115904",
    "software_name": "DIA-NN",
    "software_version": "1.9.2",
    "search_engine": "DIA-NN",
    "search_engine_version": "1.9.2",
    "ident_fdr_psm": "None",
    "ident_fdr_peptide": 0.01,
    "ident_fdr_protein": 0.01,
    "enable_match_between_runs": "False",
    "precursor_mass_tolerance": "[-7.89772 ppm, 7.89772 ppm]",
    "fragment_mass_tolerance": "[-7.89772 ppm, 7.89772 ppm]",
    "enzyme": "Trypsin/P",
    "allowed_miscleavages": 2,
    "min_peptide_length": "None",
    "max_peptide_length": "None",
    "is_temporary": false,
    "intermediate_hash": "5c7091c4cc8f2cc7ca9172a237cf64943e5698c9",
    "results": {
        "6": {
            "median_abs_epsilon": 0.37432144371072906,
            "mean_abs_epsilon": 0.43325699006759444,
            "variance_epsilon": 0.16643474962384233,
            "nr_prec": 21996,
            "CV_median": 0.14832961858708277,
            "CV_q90": 0.30952031560658577,
            "CV_q75": 0.22394743753186552,
            "CV_q95": 0.37414496632604094
        },
        "5": {
            "median_abs_epsilon": 0.3915267592069259,
            "mean_abs_epsilon": 0.4688153991114805,
            "variance_epsilon": 0.2376655971581545,
            "nr_prec": 27674,
            "CV_median": 0.15608656796917997,
            "CV_q90": 0.34033267245524385,
            "CV_q75": 0.2410705409876822,
            "CV_q95": 0.4191697136962969
        },
        "4": {
            "median_abs_epsilon": 0.4110950645609476,
            "mean_abs_epsilon": 0.5140319835778655,
            "variance_epsilon": 0.3343040224992087,
            "nr_prec": 33191,
            "CV_median": 0.1623336759574675,
            "CV_q90": 0.3611573768994397,
            "CV_q75": 0.2519949082893511,
            "CV_q95": 0.45231528800476417
        },
        "3": {
            "median_abs_epsilon": 0.4222672208726278,
            "mean_abs_epsilon": 0.5460385534206499,
            "variance_epsilon": 0.4211998986393943,
            "nr_prec": 39152,
            "CV_median": 0.16878002422848942,
            "CV_q90": 0.3845554358534744,
            "CV_q75": 0.2633530499105456,
            "CV_q95": 0.49110438133007284
        },
        "2": {
            "median_abs_epsilon": 0.42827338272613286,
            "mean_abs_epsilon": 0.565532027534934,
            "variance_epsilon": 0.4820768007676837,
            "nr_prec": 43761,
            "CV_median": 0.17137982477546293,
            "CV_q90": 0.40133844470736346,
            "CV_q75": 0.26939049839819706,
            "CV_q95": 0.524275281330764
        },
        "1": {
            "median_abs_epsilon": 0.42827338272613286,
            "mean_abs_epsilon": 0.5655320275349341,
            "variance_epsilon": 0.4820768007676837,
            "nr_prec": 46668,
            "CV_median": 0.17137982477546293,
            "CV_q90": 0.40133844470736346,
            "CV_q75": 0.26939049839819706,
            "CV_q95": 0.524275281330764
        }
    },
    "median_abs_epsilon": 0.37432144371072906,
    "mean_abs_epsilon": 0.43325699006759444,
    "nr_prec": 21996,
    "comments": {
        "quantification_method": "QuantUMS high-accuracy",
        "protein_inference": "Genes",
        "Machine learning": "Single-pass NNs",
        "Cross-run normalisation": "RT-dependent",
        "MBR-comment": "speclib"
    },
    "proteobench_version": "0.1.dev1913+gfa1be73",
    "old_new": "old",
    "color": "#8c564b",
    "hover_text": "ProteoBench ID: DIA-NN_20250331_115904<br>Software tool: DIA-NN 1.9.2<br>Comment (private submission): {'quantification_method': 'QuantUMS high-accuracy', 'protein_inference': 'Genes', 'Machine learning': 'Single-pass NNs', 'Cross-run normalisation': 'RT-dependent', 'MBR-comment': 'speclib'}",
    "scatter_size": 10
}