{
  "id": "DIA-NN_20251009_085750",
  "software_name": "DIA-NN",
  "software_version": "1.9.2",
  "search_engine": "DIA-NN",
  "search_engine_version": "1.9.2",
  "ident_fdr_psm": "0.01",
  "ident_fdr_peptide": NaN,
  "ident_fdr_protein": NaN,
  "enable_match_between_runs": true,
  "precursor_mass_tolerance": "[-15.0 ppm, 15.0 ppm]",
  "fragment_mass_tolerance": "[-20.0 ppm, 20.0 ppm]",
  "enzyme": "Trypsin/P",
  "allowed_miscleavages": "1",
  "min_peptide_length": "6",
  "max_peptide_length": "30",
  "is_temporary": false,
  "intermediate_hash": "64902c87c73842da226cd2d77fe0f162a34b0aa2",
  "results": {
    "6": {
      "median_abs_epsilon": 0.38814605618757037,
      "mean_abs_epsilon": 0.446893899298536,
      "variance_epsilon": 0.1720641111752465,
      "nr_prec": 25333,
      "CV_median": 0.1519128247888854,
      "CV_q75": 0.23168235782766947,
      "CV_q90": 0.3242919999597135,
      "CV_q95": 0.3930465838676626
    },
    "5": {
      "median_abs_epsilon": 0.39948782276285166,
      "mean_abs_epsilon": 0.4723852394673691,
      "variance_epsilon": 0.23104661600907478,
      "nr_prec": 30793,
      "CV_median": 0.15930024411083,
      "CV_q75": 0.24823760090046704,
      "CV_q90": 0.35653674299047183,
      "CV_q95": 0.4460516089629393
    },
    "4": {
      "median_abs_epsilon": 0.41261550971612004,
      "mean_abs_epsilon": 0.5087367603986116,
      "variance_epsilon": 0.3260386845541002,
      "nr_prec": 35114,
      "CV_median": 0.16348447967768642,
      "CV_q75": 0.2572823310582661,
      "CV_q90": 0.3770829017846796,
      "CV_q95": 0.48077750349022846
    },
    "3": {
      "median_abs_epsilon": 0.41967470494289516,
      "mean_abs_epsilon": 0.5307539327314105,
      "variance_epsilon": 0.3856614555282615,
      "nr_prec": 38709,
      "CV_median": 0.16588286214625048,
      "CV_q75": 0.26315321727062857,
      "CV_q90": 0.389849731610142,
      "CV_q95": 0.5048042545585294
    },
    "2": {
      "median_abs_epsilon": 0.4233673730269357,
      "mean_abs_epsilon": 0.5410440073158851,
      "variance_epsilon": 0.4162221567753262,
      "nr_prec": 40968,
      "CV_median": 0.1666217789213078,
      "CV_q75": 0.26505985070571014,
      "CV_q90": 0.39500834528654394,
      "CV_q95": 0.5145654540144117
    },
    "1": {
      "median_abs_epsilon": 0.4233673730269357,
      "mean_abs_epsilon": 0.5410440073158851,
      "variance_epsilon": 0.41622215677532615,
      "nr_prec": 42029,
      "CV_median": 0.1666217789213078,
      "CV_q75": 0.26505985070571014,
      "CV_q90": 0.39500834528654394,
      "CV_q95": 0.5145654540144117
    }
  },
  "median_abs_epsilon": 0.41967470494289516,
  "mean_abs_epsilon": 0.5307539327314105,
  "nr_prec": 38709,
  "comments": "",
  "proteobench_version": "0.10.0",
  "old_new": "new",
  "color": "#d42f2f",
  "hover_text": "ProteoBench ID: DIA-NN_20251009_085750<br>Software tool: DIA-NN <br>Comment (private submission): ...",
  "scatter_size": 20,
  "fixed_mods": "unimod4",
  "variable_mods": "UniMod:35/15.994915/M",
  "max_mods": "1",
  "min_precursor_charge": "2",
  "max_precursor_charge": "3",
  "min_precursor_mz": "400",
  "max_precursor_mz": "1500",
  "min_fragment_mz": "200",
  "max_fragment_mz": "1800",
  "quantification_method": "QuantUMS high-precision",
  "protein_inference": "0",
  "abundance_normalization_ions": null,
  "predictors_library": "{'RT': 'DIANN', 'IM': 'DIANN', 'MS2_int': 'DIANN'}",
  "scan_window": "6",
  "submission_comments": "DIANN 1.9.2 FGCZ\n\n ### Parameter changes detected:\n- **ident_fdr_protein**: `None` \u2192 `nan`\n- **ident_fdr_peptide**: `None` \u2192 `nan`\n\nDataset URL: https://proteobench.cubimed.rub.de/datasets/64902c87c73842da226cd2d77fe0f162a34b0aa2/"
}