{
    "id": "FragPipe (DIA-NN quant)_20250331_115858",
    "software_name": "FragPipe (DIA-NN quant)",
    "software_version": "1.8.2 beta 8",
    "search_engine": "DIA-NN",
    "search_engine_version": "1.8.2 beta 8",
    "ident_fdr_psm": "None",
    "ident_fdr_peptide": 0.01,
    "ident_fdr_protein": 0.01,
    "enable_match_between_runs": "False",
    "precursor_mass_tolerance": "[-11.3363 ppm, 11.3363 ppm]",
    "fragment_mass_tolerance": "[-11.3363 ppm, 11.3363 ppm]",
    "enzyme": "cut",
    "allowed_miscleavages": "None",
    "min_peptide_length": "None",
    "max_peptide_length": "None",
    "is_temporary": false,
    "intermediate_hash": "6a41eb81e259f6f1ef9e3e130673fd0925cd6b2e",
    "results": {
        "6": {
            "median_abs_epsilon": 0.3954282723917112,
            "mean_abs_epsilon": 0.4667508444062414,
            "variance_epsilon": 0.22995398117698065,
            "nr_prec": 18837,
            "CV_median": 0.15273661623141926,
            "CV_q90": 0.32947299211992215,
            "CV_q75": 0.23387812787549128,
            "CV_q95": 0.40599914085898725
        },
        "5": {
            "median_abs_epsilon": 0.40150718474016284,
            "mean_abs_epsilon": 0.4837560433714351,
            "variance_epsilon": 0.27570456207394267,
            "nr_prec": 19930,
            "CV_median": 0.1547927030020608,
            "CV_q90": 0.3407289201034814,
            "CV_q75": 0.23887398680608185,
            "CV_q95": 0.42812947018644976
        },
        "4": {
            "median_abs_epsilon": 0.40586552825027,
            "mean_abs_epsilon": 0.4956954929102899,
            "variance_epsilon": 0.30569521289932455,
            "nr_prec": 20458,
            "CV_median": 0.15573687394493654,
            "CV_q90": 0.3458439006717562,
            "CV_q75": 0.2408969398868428,
            "CV_q95": 0.43923529882619217
        },
        "3": {
            "median_abs_epsilon": 0.4076662283103024,
            "mean_abs_epsilon": 0.5032692731404452,
            "variance_epsilon": 0.3272263904234913,
            "nr_prec": 20777,
            "CV_median": 0.15606008407862013,
            "CV_q90": 0.34790318947837084,
            "CV_q75": 0.24147583422685764,
            "CV_q95": 0.4453724370733292
        },
        "2": {
            "median_abs_epsilon": 0.40766760018782777,
            "mean_abs_epsilon": 0.5039732202574566,
            "variance_epsilon": 0.3293136622569643,
            "nr_prec": 20960,
            "CV_median": 0.15605765305004254,
            "CV_q90": 0.34889818715726495,
            "CV_q75": 0.24176475924812368,
            "CV_q95": 0.4469215050450379
        },
        "1": {
            "median_abs_epsilon": 0.40766760018782777,
            "mean_abs_epsilon": 0.5039732202574566,
            "variance_epsilon": 0.3293136622569643,
            "nr_prec": 21117,
            "CV_median": 0.15605765305004254,
            "CV_q90": 0.34889818715726495,
            "CV_q75": 0.24176475924812368,
            "CV_q95": 0.4469215050450379
        }
    },
    "median_abs_epsilon": 0.4076662283103024,
    "mean_abs_epsilon": 0.5032692731404452,
    "nr_prec": 20777,
    "comments": "",
    "proteobench_version": "0.1.dev1913+gfa1be73",
    "old_new": "old",
    "color": "#ff7f00",
    "hover_text": "ProteoBench ID: FragPipe (DIA-NN quant)_20250331_115858<br>Software tool: FragPipe (DIA-NN quant) 1.8.2 beta 8<br>Comment (private submission): ",
    "scatter_size": 10
}