{
    "id": "DIA-NN_20250331_115954",
    "software_name": "DIA-NN",
    "software_version": "1.9.2",
    "search_engine": "DIA-NN",
    "search_engine_version": "1.9.2",
    "ident_fdr_psm": "None",
    "ident_fdr_peptide": 0.01,
    "ident_fdr_protein": 0.01,
    "enable_match_between_runs": "False",
    "precursor_mass_tolerance": "[-9.25594 ppm, 9.25594 ppm]",
    "fragment_mass_tolerance": "[-9.25594 ppm, 9.25594 ppm]",
    "enzyme": "Trypsin/P",
    "allowed_miscleavages": 2,
    "min_peptide_length": 7,
    "max_peptide_length": 30,
    "is_temporary": false,
    "intermediate_hash": "6befcb5e0417b05bd7070746dbc44f29a5ac43a6",
    "results": {
        "6": {
            "median_abs_epsilon": 0.36990664151965136,
            "mean_abs_epsilon": 0.41668784121664154,
            "variance_epsilon": 0.13263755985024056,
            "nr_prec": 22760,
            "CV_median": 0.14819004608871272,
            "CV_q90": 0.31088206368027427,
            "CV_q75": 0.22513155833058823,
            "CV_q95": 0.3692669830702989
        },
        "5": {
            "median_abs_epsilon": 0.3759559851520725,
            "mean_abs_epsilon": 0.42955665416558964,
            "variance_epsilon": 0.16034474063152743,
            "nr_prec": 27862,
            "CV_median": 0.15482605845063951,
            "CV_q90": 0.3331881848258864,
            "CV_q75": 0.23815532374193343,
            "CV_q95": 0.400852848092429
        },
        "4": {
            "median_abs_epsilon": 0.3854658901007832,
            "mean_abs_epsilon": 0.4510325684226702,
            "variance_epsilon": 0.20807694103483318,
            "nr_prec": 32232,
            "CV_median": 0.15819469805422404,
            "CV_q90": 0.3462468272940279,
            "CV_q75": 0.24592826590560782,
            "CV_q95": 0.42323666106384106
        },
        "3": {
            "median_abs_epsilon": 0.39479767069857574,
            "mean_abs_epsilon": 0.4759164565754304,
            "variance_epsilon": 0.2628784713070371,
            "nr_prec": 37643,
            "CV_median": 0.16104354541678537,
            "CV_q90": 0.3584023754548532,
            "CV_q75": 0.2523823709789322,
            "CV_q95": 0.4419173810720104
        },
        "2": {
            "median_abs_epsilon": 0.4024719475987325,
            "mean_abs_epsilon": 0.49674149817623836,
            "variance_epsilon": 0.31663155153480943,
            "nr_prec": 44073,
            "CV_median": 0.1622648381004696,
            "CV_q90": 0.36870637341816537,
            "CV_q75": 0.25652027701280333,
            "CV_q95": 0.46030316128772236
        },
        "1": {
            "median_abs_epsilon": 0.4024719475987325,
            "mean_abs_epsilon": 0.49674149817623836,
            "variance_epsilon": 0.3166315515348095,
            "nr_prec": 55124,
            "CV_median": 0.1622648381004696,
            "CV_q90": 0.36870637341816537,
            "CV_q75": 0.25652027701280333,
            "CV_q95": 0.46030316128772236
        }
    },
    "median_abs_epsilon": 0.36990664151965136,
    "mean_abs_epsilon": 0.41668784121664154,
    "nr_prec": 22760,
    "comments": {
        "quantification_method": "QuantUMS high-precision",
        "protein_inference": "Genes",
        "Machine learning": "Single-pass NNs",
        "Cross-run normalisation": "RT-dependent",
        "MBR-comment": "No MBR"
    },
    "proteobench_version": "0.1.dev1913+gfa1be73",
    "old_new": "old",
    "color": "#8c564b",
    "hover_text": "ProteoBench ID: DIA-NN_20250331_115954<br>Software tool: DIA-NN 1.9.2<br>Comment (private submission): {'quantification_method': 'QuantUMS high-precision', 'protein_inference': 'Genes', 'Machine learning': 'Single-pass NNs', 'Cross-run normalisation': 'RT-dependent', 'MBR-comment': 'No MBR'}",
    "scatter_size": 10
}