{
  "id": "FragPipe (DIA-NN quant)_20251002_114205",
  "software_name": "FragPipe (DIA-NN quant)",
  "software_version": "23.1",
  "search_engine": "MSFragger",
  "search_engine_version": "4.3",
  "ident_fdr_psm": "0.01",
  "ident_fdr_peptide": null,
  "ident_fdr_protein": "0.01",
  "enable_match_between_runs": false,
  "precursor_mass_tolerance": "[-10 ppm, 10 ppm]",
  "fragment_mass_tolerance": "[-10 ppm, 10 ppm]",
  "enzyme": "Trypsin/P",
  "allowed_miscleavages": "1",
  "min_peptide_length": "7",
  "max_peptide_length": "50",
  "is_temporary": false,
  "intermediate_hash": "a17958830ab349bd307fe2b39451a0299dbffcb7",
  "results": {
    "6": {
      "median_abs_epsilon": 0.3851623086798477,
      "mean_abs_epsilon": 0.47656912855996203,
      "variance_epsilon": 0.22832643055090676,
      "nr_prec": 2521,
      "CV_median": 0.1630354963069856,
      "CV_q75": 0.246450809303182,
      "CV_q90": 0.35904612120420604,
      "CV_q95": 0.44258976995045274
    },
    "5": {
      "median_abs_epsilon": 0.39228137449608175,
      "mean_abs_epsilon": 0.4922062988949475,
      "variance_epsilon": 0.2645746653959874,
      "nr_prec": 2698,
      "CV_median": 0.16614008679307765,
      "CV_q75": 0.25325358308948526,
      "CV_q90": 0.37549445589119035,
      "CV_q95": 0.4702440924678102
    },
    "4": {
      "median_abs_epsilon": 0.3972810875367866,
      "mean_abs_epsilon": 0.5086963987916912,
      "variance_epsilon": 0.3038826506193976,
      "nr_prec": 2780,
      "CV_median": 0.16744268261218892,
      "CV_q75": 0.2564255751692773,
      "CV_q90": 0.38023738310850497,
      "CV_q95": 0.4821862590052771
    },
    "3": {
      "median_abs_epsilon": 0.3987434418898589,
      "mean_abs_epsilon": 0.5140407983436527,
      "variance_epsilon": 0.3164466902018618,
      "nr_prec": 2823,
      "CV_median": 0.16774628897815613,
      "CV_q75": 0.2574380965324967,
      "CV_q90": 0.3816958070919698,
      "CV_q95": 0.4870405850039949
    },
    "2": {
      "median_abs_epsilon": 0.39884560258969814,
      "mean_abs_epsilon": 0.5144095905739225,
      "variance_epsilon": 0.3170706703717055,
      "nr_prec": 2849,
      "CV_median": 0.1677557229436062,
      "CV_q75": 0.25747590025988965,
      "CV_q90": 0.3821077185198836,
      "CV_q95": 0.48756400082623985
    },
    "1": {
      "median_abs_epsilon": 0.39884560258969814,
      "mean_abs_epsilon": 0.5144095905739225,
      "variance_epsilon": 0.3170706703717055,
      "nr_prec": 2856,
      "CV_median": 0.1677557229436062,
      "CV_q75": 0.25747590025988965,
      "CV_q90": 0.3821077185198836,
      "CV_q95": 0.48756400082623985
    }
  },
  "median_abs_epsilon": 0.3987434418898589,
  "mean_abs_epsilon": 0.5140407983436527,
  "nr_prec": 2823,
  "comments": "",
  "proteobench_version": "0.10.0",
  "old_new": "new",
  "color": "#F89008",
  "hover_text": "ProteoBench ID: FragPipe (DIA-NN quant)_20251002_114205<br>Software tool: FragPipe (DIA-NN quant) <br>Comment (private submission): ...",
  "scatter_size": 20,
  "fixed_mods": "0.0,C-Term Peptide,true,-1; 0.0,N-Term Peptide,true,-1; 0.0,C-Term Protein,true,-1; 0.0,N-Term Protein,true,-1; 0.0,G (glycine),true,-1; 0.0,A (alanine),true,-1; 0.0,S (serine),true,-1; 0.0,P (proline),true,-1; 0.0,V (valine),true,-1; 0.0,T (threonine),true,-1; 57.02146,C (cysteine),true,-1; 0.0,L (leucine),true,-1; 0.0,I (isoleucine),true,-1; 0.0,N (asparagine),true,-1; 0.0,D (aspartic acid),true,-1; 0.0,Q (glutamine),true,-1; 0.0,K (lysine),true,-1; 0.0,E (glutamic acid),true,-1; 0.0,M (methionine),true,-1; 0.0,H (histidine),true,-1; 0.0,F (phenylalanine),true,-1; 0.0,R (arginine),true,-1; 0.0,Y (tyrosine),true,-1; 0.0,W (tryptophan),true,-1; 0.0,B ,true,-1; 0.0,J,true,-1; 0.0,O,true,-1; 0.0,U,true,-1; 0.0,X,true,-1; 0.0,Z,true,-1",
  "variable_mods": "15.9949,M,true,1; 42.0106,[^,true,1; 79.96633,STY,false,3; -17.0265,nQnC,false,1; -18.0106,nE,false,1; 0.0,site_06,false,1; 0.0,site_07,false,1; 0.0,site_08,false,1; 0.0,site_09,false,1; 0.0,site_10,false,1; 0.0,site_11,false,1; 0.0,site_12,false,1; 0.0,site_13,false,1; 0.0,site_14,false,1; 0.0,site_15,false,1; 0.0,site_16,false,1",
  "max_mods": "3",
  "min_precursor_charge": "1",
  "max_precursor_charge": null,
  "min_precursor_mz": null,
  "max_precursor_mz": "980.0",
  "min_fragment_mz": null,
  "max_fragment_mz": null,
  "quantification_method": "Robust LC (high accuracy)",
  "protein_inference": "ProteinProphet: --maxppmdiff 2000000 --minprob 0.5",
  "abundance_normalization_ions": null,
  "predictors_library": "nan",
  "scan_window": "nan",
  "submission_comments": "\n\n ### Parameter changes detected:\n- **semi_enzymatic**: `False` \u2192 `[MISSING]`\n\nDataset URL: https://proteobench.cubimed.rub.de/datasets/a17958830ab349bd307fe2b39451a0299dbffcb7/"
}