{
  "id": "DIA-NN_20250918_125520",
  "software_name": "DIA-NN",
  "software_version": "2.2.0 Academia ",
  "search_engine": "DIA-NN",
  "search_engine_version": "2.2.0 Academia ",
  "ident_fdr_psm": "0.01",
  "ident_fdr_peptide": NaN,
  "ident_fdr_protein": NaN,
  "enable_match_between_runs": true,
  "precursor_mass_tolerance": "[-1.9 ppm, 1.9 ppm]",
  "fragment_mass_tolerance": "[-6 ppm, 6 ppm]",
  "enzyme": "Trypsin/P",
  "allowed_miscleavages": "1",
  "min_peptide_length": "7",
  "max_peptide_length": "30",
  "is_temporary": false,
  "intermediate_hash": "cdf9c7fd6835e954c10103fa797cd99dbe452879",
  "results": {
    "6": {
      "median_abs_epsilon": 0.3702425956726074,
      "mean_abs_epsilon": 0.4330455577372417,
      "variance_epsilon": 0.1686020650237732,
      "nr_prec": 28744,
      "CV_median": 0.16450011136581458,
      "CV_q75": 0.2529359789897715,
      "CV_q90": 0.35538738862084557,
      "CV_q95": 0.431700515131658
    },
    "5": {
      "median_abs_epsilon": 0.3804050113025438,
      "mean_abs_epsilon": 0.45364002083311017,
      "variance_epsilon": 0.2137190700008901,
      "nr_prec": 34821,
      "CV_median": 0.1728263573054185,
      "CV_q75": 0.2691472666870749,
      "CV_q90": 0.38409350390821567,
      "CV_q95": 0.4726479648460333
    },
    "4": {
      "median_abs_epsilon": 0.3944888736072313,
      "mean_abs_epsilon": 0.4847135778154203,
      "variance_epsilon": 0.29220312233328444,
      "nr_prec": 39701,
      "CV_median": 0.17669656683822194,
      "CV_q75": 0.27773672269519406,
      "CV_q90": 0.4017530325317175,
      "CV_q95": 0.49920909310339445
    },
    "3": {
      "median_abs_epsilon": 0.4039788867297899,
      "mean_abs_epsilon": 0.5096480633304625,
      "variance_epsilon": 0.3522094339831683,
      "nr_prec": 44052,
      "CV_median": 0.17936979499408262,
      "CV_q75": 0.28349006266703075,
      "CV_q90": 0.4128020691661699,
      "CV_q95": 0.516799948280377
    },
    "2": {
      "median_abs_epsilon": 0.407628840997785,
      "mean_abs_epsilon": 0.5189491931327147,
      "variance_epsilon": 0.3783428703492737,
      "nr_prec": 47235,
      "CV_median": 0.1800383927169996,
      "CV_q75": 0.2856707875457124,
      "CV_q90": 0.41726865029896265,
      "CV_q95": 0.5234636757169736
    },
    "1": {
      "median_abs_epsilon": 0.407628840997785,
      "mean_abs_epsilon": 0.5189491931327147,
      "variance_epsilon": 0.37834287034927383,
      "nr_prec": 48893,
      "CV_median": 0.1800383927169996,
      "CV_q75": 0.2856707875457124,
      "CV_q90": 0.41726865029896265,
      "CV_q95": 0.5234636757169736
    }
  },
  "median_abs_epsilon": 0.4039788867297899,
  "mean_abs_epsilon": 0.5096480633304625,
  "nr_prec": 44052,
  "comments": "",
  "proteobench_version": "0.10.0",
  "old_new": "new",
  "color": "#d42f2f",
  "hover_text": "ProteoBench ID: DIA-NN_20250918_125520<br>Software tool: DIA-NN <br>Comment (private submission): ...",
  "scatter_size": 20,
  "fixed_mods": "unimod4",
  "variable_mods": "UniMod:35/15.994915/M,UniMod:1/42.010565/*n",
  "max_mods": "1",
  "min_precursor_charge": "1",
  "max_precursor_charge": "4",
  "min_precursor_mz": "300",
  "max_precursor_mz": "1800",
  "min_fragment_mz": "200",
  "max_fragment_mz": "1800",
  "quantification_method": "QuantUMS high-precision",
  "protein_inference": "Genes",
  "abundance_normalization_ions": null,
  "predictors_library": "{'RT': 'User defined speclib', 'IM': 'User defined speclib', 'MS2_int': 'User defined speclib'}",
  "scan_window": "6",
  "submission_comments": "\n\n ### Parameter changes detected:\n- **ident_fdr_peptide**: `None` \u2192 `nan`\n- **ident_fdr_protein**: `None` \u2192 `nan`\n\nDataset URL: https://proteobench.cubimed.rub.de/datasets/cdf9c7fd6835e954c10103fa797cd99dbe452879/"
}