{
  "id": "DIA-NN_20251010_101101",
  "software_name": "DIA-NN",
  "software_version": "1.8.2 beta 8",
  "search_engine": "DIA-NN",
  "search_engine_version": "1.8.2 beta 8",
  "ident_fdr_psm": "0.01",
  "ident_fdr_peptide": NaN,
  "ident_fdr_protein": NaN,
  "enable_match_between_runs": true,
  "precursor_mass_tolerance": "[-15.0 ppm, 15.0 ppm]",
  "fragment_mass_tolerance": "[-20.0 ppm, 20.0 ppm]",
  "enzyme": "Trypsin/P",
  "allowed_miscleavages": "1",
  "min_peptide_length": "6",
  "max_peptide_length": "30",
  "is_temporary": false,
  "intermediate_hash": "f364c26c5bb3ab81e3f08cca99ea47e2c5f2efd6",
  "results": {
    "6": {
      "median_abs_epsilon": 0.4261181812585827,
      "mean_abs_epsilon": 0.5054491656811032,
      "variance_epsilon": 0.24686893332998674,
      "nr_prec": 26765,
      "CV_median": 0.18320929298704722,
      "CV_q75": 0.28719840078704983,
      "CV_q90": 0.4160061145822625,
      "CV_q95": 0.508990102418637
    },
    "5": {
      "median_abs_epsilon": 0.43986428841058023,
      "mean_abs_epsilon": 0.5340540337595362,
      "variance_epsilon": 0.31597475364988453,
      "nr_prec": 32679,
      "CV_median": 0.19346235925335495,
      "CV_q75": 0.30928500601806097,
      "CV_q90": 0.4542622041048797,
      "CV_q95": 0.5588297348635598
    },
    "4": {
      "median_abs_epsilon": 0.456367119830284,
      "mean_abs_epsilon": 0.5681757206742503,
      "variance_epsilon": 0.40796975401673224,
      "nr_prec": 36587,
      "CV_median": 0.19833986154399796,
      "CV_q75": 0.3196026478054266,
      "CV_q90": 0.4719500938471247,
      "CV_q95": 0.5806172192471162
    },
    "3": {
      "median_abs_epsilon": 0.46417980772649814,
      "mean_abs_epsilon": 0.5872150397805852,
      "variance_epsilon": 0.4543376611577562,
      "nr_prec": 39694,
      "CV_median": 0.20041380350242355,
      "CV_q75": 0.3245438970630212,
      "CV_q90": 0.47957930240742797,
      "CV_q95": 0.5891329339786371
    },
    "2": {
      "median_abs_epsilon": 0.46701088277945,
      "mean_abs_epsilon": 0.5923970357216761,
      "variance_epsilon": 0.46804007559816047,
      "nr_prec": 41514,
      "CV_median": 0.20099246370539528,
      "CV_q75": 0.326135258644195,
      "CV_q90": 0.48307264347469414,
      "CV_q95": 0.5924279967561419
    },
    "1": {
      "median_abs_epsilon": 0.46701088277945,
      "mean_abs_epsilon": 0.5923970357216763,
      "variance_epsilon": 0.46804007559816047,
      "nr_prec": 42317,
      "CV_median": 0.20099246370539528,
      "CV_q75": 0.326135258644195,
      "CV_q90": 0.48307264347469414,
      "CV_q95": 0.5924279967561419
    }
  },
  "median_abs_epsilon": 0.46417980772649814,
  "mean_abs_epsilon": 0.5872150397805852,
  "nr_prec": 39694,
  "comments": "",
  "proteobench_version": "0.10.0",
  "old_new": "new",
  "color": "#d42f2f",
  "hover_text": "ProteoBench ID: DIA-NN_20251010_101101<br>Software tool: DIA-NN <br>Comment (private submission): ...",
  "scatter_size": 20,
  "fixed_mods": "unimod4",
  "variable_mods": "UniMod:35/15.994915/M",
  "max_mods": "1",
  "min_precursor_charge": "2",
  "max_precursor_charge": "3",
  "min_precursor_mz": "400",
  "max_precursor_mz": "1500",
  "min_fragment_mz": "200",
  "max_fragment_mz": "1800",
  "quantification_method": "QuantUMS high-precision",
  "protein_inference": "0",
  "abundance_normalization_ions": null,
  "predictors_library": "{'RT': 'DIANN', 'IM': 'DIANN', 'MS2_int': 'DIANN'}",
  "scan_window": "6",
  "submission_comments": "DIA-NN 18 FGCZ\n\n ### Parameter changes detected:\n- **ident_fdr_protein**: `None` \u2192 `nan`\n- **ident_fdr_peptide**: `None` \u2192 `nan`\n\nDataset URL: https://proteobench.cubimed.rub.de/datasets/f364c26c5bb3ab81e3f08cca99ea47e2c5f2efd6/"
}