{
  "id": "Spectronaut_20251009_112156",
  "software_name": "Spectronaut",
  "software_version": "19.7.250203.62635",
  "search_engine": "Spectronaut",
  "search_engine_version": "19.7.250203.62635",
  "ident_fdr_psm": "0.01",
  "ident_fdr_peptide": null,
  "ident_fdr_protein": "0.01",
  "enable_match_between_runs": false,
  "precursor_mass_tolerance": "Dynamic",
  "fragment_mass_tolerance": "Dynamic",
  "enzyme": "Trypsin",
  "allowed_miscleavages": "2",
  "min_peptide_length": "7",
  "max_peptide_length": "52",
  "is_temporary": false,
  "intermediate_hash": "fa30a3e95f3e6b62199e8660fd0afe570fa1d2bc",
  "results": {
    "6": {
      "median_abs_epsilon": 0.2936964345736036,
      "mean_abs_epsilon": 0.4137191125167784,
      "variance_epsilon": 0.31493452974961583,
      "nr_prec": 36747,
      "CV_median": 0.18143679628993237,
      "CV_q75": 0.32415055729534964,
      "CV_q90": 0.5014691767480786,
      "CV_q95": 0.6162479100775191
    },
    "5": {
      "median_abs_epsilon": 0.31369164481958384,
      "mean_abs_epsilon": 0.45582260560596866,
      "variance_epsilon": 0.4022806305576158,
      "nr_prec": 41442,
      "CV_median": 0.19438247045423632,
      "CV_q75": 0.35038462062524534,
      "CV_q90": 0.5419285671225194,
      "CV_q95": 0.657524720466078
    },
    "4": {
      "median_abs_epsilon": 0.33038849374389295,
      "mean_abs_epsilon": 0.49733544705251925,
      "variance_epsilon": 0.5040790899115221,
      "nr_prec": 44586,
      "CV_median": 0.20025239482205115,
      "CV_q75": 0.3620640978843808,
      "CV_q90": 0.558341557453934,
      "CV_q95": 0.6752420211790898
    },
    "3": {
      "median_abs_epsilon": 0.3374842145152401,
      "mean_abs_epsilon": 0.5133689444922872,
      "variance_epsilon": 0.5426932968930982,
      "nr_prec": 46865,
      "CV_median": 0.20320356188925154,
      "CV_q75": 0.36840991375699317,
      "CV_q90": 0.5645447935448695,
      "CV_q95": 0.6823025405205843
    },
    "2": {
      "median_abs_epsilon": 0.339683686230162,
      "mean_abs_epsilon": 0.5186374352845106,
      "variance_epsilon": 0.5573370816361086,
      "nr_prec": 48030,
      "CV_median": 0.20399599547230263,
      "CV_q75": 0.369939130350518,
      "CV_q90": 0.5663542266024889,
      "CV_q95": 0.6847501453037128
    },
    "1": {
      "median_abs_epsilon": 0.339683686230162,
      "mean_abs_epsilon": 0.5186374352845105,
      "variance_epsilon": 0.5573370816361086,
      "nr_prec": 48462,
      "CV_median": 0.20399599547230263,
      "CV_q75": 0.369939130350518,
      "CV_q90": 0.5663542266024889,
      "CV_q95": 0.6847501453037128
    }
  },
  "median_abs_epsilon": 0.3374842145152401,
  "mean_abs_epsilon": 0.5133689444922872,
  "nr_prec": 46865,
  "comments": "",
  "proteobench_version": "0.10.0",
  "old_new": "new",
  "color": "#007548",
  "hover_text": "ProteoBench ID: Spectronaut_20251009_112156<br>Software tool: Spectronaut <br>Comment (private submission): ...",
  "scatter_size": 20,
  "fixed_mods": "Carbamidomethyl (C)",
  "variable_mods": "Acetyl (Protein N-term), Oxidation (M)",
  "max_mods": "5",
  "min_precursor_charge": null,
  "max_precursor_charge": null,
  "min_precursor_mz": null,
  "max_precursor_mz": null,
  "min_fragment_mz": null,
  "max_fragment_mz": null,
  "quantification_method": "MS2",
  "protein_inference": "IDPicker",
  "abundance_normalization_ions": "True",
  "predictors_library": null,
  "scan_window": "Dynamic",
  "submission_comments": "Spectronaut 19 FGCZ\n\n ### Parameter changes detected:\n- **semi_specific**: `False` \u2192 `[MISSING]`\n\nDataset URL: https://proteobench.cubimed.rub.de/datasets/fa30a3e95f3e6b62199e8660fd0afe570fa1d2bc/"
}